anyo,codigo,nombre_cas,padre
2025_26,3315198130,INTELIGENCIA ARTIFICIAL Y BIG DATA (LFP),3306169527
2025_26,3315802123,Primero CE,3315195494
2025_26,3306172195,COMERCIO INTERNACIONAL (LOE),3306172129
2025_26,3306172197,Segundo,3306172195
2025_26,3306172205,Primero,3306172195
2025_26,3306172238,MARKETING Y PUBLICIDAD,3306172129
2025_26,3306172240,Primero,3306172238
2025_26,3306172247,Segundo,3306172238
2025_26,3306172290,HOSTELERÍA Y TURISMO,
2025_26,3306172438,AGENCIAS DE VIAJES Y GESTIÓN DE EVENTOS,3306172317
2025_26,3306172440,Primero,3306172438
2025_26,3306172447,Segundo,3306172438
2025_26,3306172459,"GUÍA, INFORMACIÓN Y ASISTENCIA TURÍSTICAS",3306172317
2025_26,3306172461,Primero,3306172459
2025_26,3306172468,Segundo,3306172459
2025_26,3306172480,GESTIÓN DE ALOJAMIENTOS TURÍSTICOS (LFP),3306172317
2025_26,3306172482,Segundo,3306172480
2025_26,3306172484,Primero,3306172480
2025_26,3306169525,INFORMÁTICA Y COMUNICACIONES,
2025_26,3306169527,CURSO ESPECIALIZACIÓN,3306169525
2025_26,3306169587,GRADO MEDIO,3306169525
2025_26,3306169589,SISTEMAS MICROINFORMÁTICOS Y REDES (LFP),3306169587
2025_26,3306169591,Segundo,3306169589
2025_26,3306169593,Primero,3306169589
2025_26,3306169605,SISTEMAS MICROINFORMÁTICOS Y REDES,3306169587
2025_26,3306169607,Primero,3306169605
2025_26,3306169614,Segundo,3306169605
2025_26,3306169631,GRADO SUPERIOR,3306169525
2025_26,3306169633,DESARROLLO DE APLICACIONES MULTIPLATAFORMA (LFP),3306169631
2025_26,3306169635,Segundo,3306169633
2025_26,3306169637,Primero,3306169633
2025_26,3306169649,DESARROLLO DE APLICACIONES WEB (LFP),3306169631
2025_26,3306169651,Primero,3306169649
2025_26,3306169658,Segundo,3306169649
2025_26,3306169665,DESARROLLO DE APLICACIONES WEB,3306169631
2025_26,3306169667,Segundo,3306169665
2025_26,3306169674,Primero,3306169665
2025_26,3306169693,DESARROLLO DE APLICACIONES MULTIPLATAFORMA,3306169631
2025_26,3306169695,Primero,3306169693
2025_26,3306169702,Segundo,3306169693
2025_26,3306169714,ADMINISTRACIÓN DE SISTEMAS INFORMÁTICOS EN RED,3306169631
2025_26,3306173908,ADMINISTRACIÓN Y GESTIÓN,
2025_26,3306173991,GRADO MEDIO,3306173908
2025_26,3306169723,Primero,3306169714
2025_26,3306169730,Segundo,3306169714
2025_26,3306169742,ADMINISTRACIÓN DE SISTEMAS INFORMÁTICOS EN RED (LFP),3306169631
2025_26,3306169744,Primero,3306169742
2025_26,3306169751,Segundo,3306169742
2025_26,3306173993,GESTIÓN ADMINISTRATIVA (LFP),3306173991
2025_26,3306173995,Segundo,3306173993
2025_26,3306173997,Primero,3306173993
2025_26,3306174009,GESTIÓN ADMINISTRATIVA (LOE),3306173991
2025_26,3306174011,Primero,3306174009
2025_26,3306174018,Segundo,3306174009
2025_26,3306174042,GRADO SUPERIOR,3306173908
2025_26,3306174044,ADMINISTRACIÓN Y FINANZAS (LFP),3306174042
2025_26,3306174046,Segundo,3306174044
2025_26,3306174048,Primero,3306174044
2025_26,3306174097,ADMINISTRACIÓN Y FINANZAS (LOE),3306174042
2025_26,3306174099,Segundo,3306174097
2025_26,3306174106,Primero,3306174097
2025_26,3306169091,FABRICACIÓN MECÁNICA,
2025_26,3306170441,SANIDAD,
2025_26,3306170443,GRADO MEDIO,3306170441
2025_26,3306171954,COMERCIO Y MARKETING,
2025_26,3306171956,CURSO ESPECIALIZACIÓN,3306171954
2025_26,3306171965,REDACCIÓN DE CONTENIDOS DIGITALES PARA MARKETING Y VENTAS (LFP),3306171956
2025_26,3306170519,CUIDADOS AUXILIARES DE ENFERMERÍA,3306170443
2025_26,3306170521,Primero,3306170519
2025_26,3306170528,Segundo,3306170519
2025_26,3306170552,GRADO SUPERIOR,3306170441
2025_26,3306171967,Primero CE,3306171965
2025_26,3306172317,GRADO SUPERIOR,3306172290
2025_26,3306172328,AGENCIAS DE VIAJES Y GESTIÓN DE EVENTOS (LFP),3306172317
2025_26,3306172330,Segundo,3306172328
2025_26,3306172332,Primero,3306172328
2025_26,3306169356,GRADO SUPERIOR,3306169091
2025_26,3306170615,LABORATORIO CLÍNICO Y BIOMÉDICO (LFP),3306170552
2025_26,3306170617,Segundo,3306170615
2025_26,3306170619,Primero,3306170615
2025_26,3306172049,GRADO MEDIO,3306171954
2025_26,3306172051,ACTIVIDADES COMERCIALES (LFP),3306172049
2025_26,3306172053,Primero,3306172051
2025_26,3306172060,Segundo,3306172051
2025_26,3306172103,ACTIVIDADES COMERCIALES,3306172049
2025_26,3306172364,GESTIÓN DE ALOJAMIENTOS TURÍSTICOS,3306172317
2025_26,3306172366,Primero,3306172364
2025_26,3306172373,Segundo,3306172364
2025_26,3306172401,"GUÍA, INFORMACIÓN Y ASISTENCIA TURÍSTICA (LFP)",3306172317
2025_26,3306172403,Primero,3306172401
2025_26,3306172410,Segundo,3306172401
2025_26,3306169431,ÓPTICA DE ANTEOJERÍA,3306169356
2025_26,3306169433,Primero,3306169431
2025_26,3306169440,Segundo,3306169431
2025_26,3306170710,LABORATORIO CLÍNICO Y BIOMÉDICO,3306170552
2025_26,3306170712,Primero,3306170710
2025_26,3306170719,Segundo,3306170710
2025_26,3306172105,Primero,3306172103
2025_26,3306172112,Segundo,3306172103
2025_26,3306172129,GRADO SUPERIOR,3306171954
2025_26,3306172131,COMERCIO INTERNACIONAL (LFP),3306172129
2025_26,3306172133,Segundo,3306172131
2025_26,3306172135,Primero,3306172131
2025_26,3306172163,MARKETING Y PUBLICIDAD (LFP),3306172129
2025_26,3306172165,Segundo,3306172163
2025_26,3306172167,Primero,3306172163
2025_26,3315195494,CIBERSEGURIDAD EN ENTORNOS DE LAS TECNOLOGÍAS DE LA INFORMACIÓN (LFP),3306169527
2025_26,3315804631,Primero CE,3315198130
2025_26,3306202433,HOSTELERÍA Y TURISMO,
2025_26,3306202435,OPERACIONES BÁSICAS DE PISOS EN ALOJAMIENTOS,3306202433
