codigo,nombre_cas,curso
TU01CF,Tutoría Primero,3003829510
028502,Técnicas básicas de enfermería,3003829510
028504,Promoción de la salud y apoyo psicológico al paciente,3003829510
028505,Técnicas de ayuda odontológica/estomatológica,3003829510
028001,Formación y orientación laboral,3003829510
028503,Higiene del medio hospitalario y limpieza de material,3003829510
028501,Operaciones administrativas y documentación sanitaria,3003829510
028100,Relaciones en el equipo de trabajo,3003829510
TU02CF,Tutoría Segundo,3003829517
028601,Formación en Centros de Trabajo,3003829517
TU01CF,Tutoría Primero,3003829629
CV0003,Inglés Técnico I-S / Horario reservado para la docencia en inglés,3003829629
1370,Fisiopatología general,3003829629
1367,Gestión de muestras biológicas,3003829629
1368,Técnicas generales de laboratorio,3003829629
1369,Biología molecular y citogenética,3003829629
1376,Formación y orientación laboral,3003829629
TU02CF,Tutoría Segundo,3003829636
CV0004,Inglés Técnico II-S / Horario reservado para la docencia en inglés,3003829636
1375,Proyecto de laboratorio clínico y biomédico,3003829636
1378,Formación en centros de trabajo,3003829636
1371,Análisis bioquímico,3003829636
1372,Técnicas de inmunodiagnóstico,3003829636
1373,Microbiología clínica,3003829636
1374,Técnicas de análisis hematológico,3003829636
1377,Empresa e iniciativa emprendedora,3003829636
TU01CF,Tutoría Primero,3003826541
CV0003,Inglés Técnico I-S / Horario reservado para la docencia en inglés,3003826541
0179,Inglés,3003826541
0171,Estructura del mercado turístico,3003826541
0172,Protocolo y relaciones públicas,3003826541
0173,Marketing turístico,3003826541
0174,Dirección de alojamientos turístico,3003826541
0182,Formación y orientación laboral,3003826541
0177,Recursos humanos en el alojamiento,3003826541
TU02CF,Tutoría Segundo,3003826548
CV0004,Inglés Técnico II-S / Horario reservado para la docencia en inglés,3003826548
0180,Segunda lengua extranjera,3003826548
0181,Proyecto de gestión de alojamientos turísticos,3003826548
0184,Formación en Centros de Trabajo,3003826548
0183,Empresa e iniciativa emprendedora ,3003826548
0176,Recepción y reservas,3003826548
0178,Comercialización de eventos,3003826548
0175,Gestión del departamento de pisos,3003826548
TU01CF,Tutoría Primero,3003826604
CV0003,Inglés Técnico I-S / Horario reservado para la docencia en inglés,3003826604
0179,Inglés,3003826604
0401,Formación y Orientación Laboral,3003826604
0171,Estructura del mercado turístico,3003826604
0383,Destinos turísticos ,3003826604
0384,Recursos turísticos ,3003826604
0172,Protocolo y relaciones públicas,3003826604
0173,Marketing turístico,3003826604
TU02CF,Tutoría Segundo,3003826611
CV0004,Inglés Técnico II-S / Horario reservado para la docencia en inglés,3003826611
0398,Venta de servicios turísticos,3003826611
0180,Segunda lengua extranjera,3003826611
0403,Formación en Centros de Trabajo,3003826611
0400,Proyecto de Agencias de viajes ,3003826611
0402,Empresa e iniciativa emprendedora,3003826611
0399,Dirección de entidades de intermedi,3003826611
0397,Gestión de productos turísticos,3003826611
TU01CF,Tutoría Primero,3003826625
CV0003,Inglés Técnico I-S / Horario reservado para la docencia en inglés,3003826625
0179,Inglés,3003826625
0171,Estructura del mercado turístico,3003826625
0383,Destinos turísticos ,3003826625
0384,Recursos turísticos ,3003826625
0172,Protocolo y relaciones públicas,3003826625
0173,Marketing turístico,3003826625
0389,Formación y orientación laboral ,3003826625
TU02CF,Tutoría Segundo,3003826632
CV0004,Inglés Técnico II-S / Horario reservado para la docencia en inglés,3003826632
0180,Segunda lengua extranjera,3003826632
0385,Servicios de información turística,3003826632
0388,"Proyecto de guía, información",3003826632
0390,Empresa e iniciativa emprendedora,3003826632
0391,Formación en Centros de Trabajo,3003826632
0387,Diseño de productos turísticos,3003826632
0386,Procesos de guía y asistencia ,3003826632
TU01CF,Tutoría Primero,3003822337
CV0001,Inglés Técnico I-M / Horario reservado para la docencia en inglés,3003822337
0156,Inglés,3003822337
1226,Marketing en la actividad comercial,3003822337
1229,Gestión de compras,3003822337
1231,Dinamización del punto de venta,3003822337
1232,Procesos de venta,3003822337
1233,Aplicaciones informáticas para el comercio,3003822337
1236,Formación y orientación laboral,3003822337
TU02CF,Tutoría Segundo,3003822344
CV0002,Inglés Técnico II-M / Horario reservado para la docencia en inglés,3003822344
1227,Gestión de un pequeño comercio,3003822344
1228,Técnicas de almacén,3003822344
1230,Venta técnica,3003822344
1234,Servicios de atención comercial,3003822344
1235,Comercio electrónico,3003822344
1237,Formación en centros de trabajo,3003822344
TU02CF,Tutoría Segundo,3003822407
CV0004,Inglés Técnico II-S / Horario reservado para la docencia en inglés,3003822407
0825,Financiación internacional,3003822407
0823,Marketing internacional,3003822407
0827,Comercio digital internacional,3003822407
0822,Sistema de información de mercados,3003822407
0824,Negociación internacional,3003822407
0830,Formación en Centros de Trabajo,3003822407
0826,Medios de pago internacionales,3003822407
0828,Proyecto de comercio internacional,3003822407
CV0010,Empresas simuladas. Herramientas informáticas de la Comunidad Portuaria,3003822407
TU01CF,Tutoría Primero,3003822414
CV0003,Inglés Técnico I-S / Horario reservado para la docencia en inglés,3003822414
0179,Inglés,3003822414
0622,Transporte internacional de mercancías,3003822414
0829,Formación y orientación laboral.,3003822414
0625,Logística de almacenamiento,3003822414
0623,Gestión económica y financiera de la empresa,3003822414
0627,Gestión administrativa del comercio internacional,3003822414
CV0008,Ofimática y proceso de la información en el comercio internacional,3003822414
CV0009,Gestión portuaria,3003822414
TU01CF,Tutoría Primero,3003822449
CV0003,Inglés Técnico I-S / Horario reservado para la docencia en inglés,3003822449
0179,Inglés,3003822449
0623,Gestión económica y financiera de la empresa,3003822449
0930,Políticas de marketing,3003822449
0931,Marketing digital,3003822449
1010,Investigación comercial,3003822449
1014,Formación y orientación laboral,3003822449
TU02CF,Tutoría Segundo,3003822456
CV0004,Inglés Técnico II-S / Horario reservado para la docencia en inglés,3003822456
1007,Diseño y elaboración de material de comunicación,3003822456
1008,Medios y soportes de comunicación,3003822456
1009,Relaciones públicas y organización de eventos de marketing,3003822456
1011,Trabajo de campo en la investigación comercial,3003822456
1109,Lanzamiento de productos y servicios,3003822456
1110,"Atención al cliente, consumidor y usuario",3003822456
1012,Proyecto de marketing y publicidad,3003822456
1013,Formación en centros de trabajo,3003822456
5021,Incidentes de ciberseguridad,3003828691
5022,Bastionado de redes y sistemas,3003828691
5023,Puesta en producción segura,3003828691
5024,Análisis forense informático,3003828691
5025,Hacking ético,3003828691
5026,Normativa de ciberseguridad,3003828691
5071,Modelos de Inteligencia Artificial,3003828705
5072,Sistemas de aprendizaje automático,3003828705
5073,Programación de Inteligencia Artificial,3003828705
5074,Sistemas de Big Data,3003828705
5075,Big Data aplicado,3003828705
TU01CF,Tutoría Primero,3003827233
CV0001,Inglés Técnico I-M / Horario reservado para la docencia en inglés,3003827233
0437,Comunicación empresarial y atención al cliente,3003827233
0449,Formación y orientación laboral,3003827233
0441,Técnica contable,3003827233
0439,Empresa y administración,3003827233
0438,Operaciones administrativa de compra-venta,3003827233
0440,Tratamiento informático de la información ,3003827233
0156,Inglés,3003827233
TU02CF,Tutoría Segundo,3003827240
CV0002,Inglés Técnico II-M / Horario reservado para la docencia en inglés,3003827240
0446,Empresa en el aula,3003827240
0443,Tratamiento de la documentación contable,3003827240
0442,Operaciones administrativas de recursos humanos,3003827240
0451,Formación en centros de trabajo,3003827240
0448,Operaciones auxiliares de gestión de tesorería,3003827240
TU01CF,Tutoría Primero,3003828760
CV0001,Inglés Técnico I-M / Horario reservado para la docencia en inglés,3003828760
0225,Redes locales,3003828760
0223,Aplicaciones ofimáticas,3003828760
0221,Montaje y mantenimiento de equipos,3003828760
0229,Formación y orientación laboral,3003828760
0222,Sistemas operativos monopuesto,3003828760
TU02CF,Tutoría Segundo,3003828767
CV0002,Inglés Técnico II-M / Horario reservado para la docencia en inglés,3003828767
0230,Empresa e iniciativa emprendedora,3003828767
0228,Aplicaciones web,3003828767
0226,Seguridad informática,3003828767
0224,Sistemas operativos en red,3003828767
0231,Formación en Centros de Trabajo,3003828767
0227,Servicios en red,3003828767
TU02CF,Tutoría Segundo,3003828788
CV0004,Inglés Técnico II-S / Horario reservado para la docencia en inglés,3003828788
0619,Formación en centros de trabajo,3003828788
0616,Proyecto de desarrollo de aplicaciones WEB,3003828788
0618,Empresa e iniciativa emprendedora,3003828788
0615,Diseño de interfaces WEB,3003828788
0614,Despliegue de aplicaciones WEB,3003828788
0613,Desarrollo WEB en entorno servidor,3003828788
0612,Desarrollo WEB en entorno cliente,3003828788
TU01CF,Tutoría Primero,3003828795
CV0003,Inglés Técnico I-S / Horario reservado para la docencia en inglés,3003828795
0373,Lenguajes de marcas y sistemas de gestión de información,3003828795
0487,Entornos de desarrollo,3003828795
0485,Programación,3003828795
0484,Bases de Datos,3003828795
0483,Sistemas informáticos,3003828795
0617,Formación y orientación laboral,3003828795
TU01CF,Tutoría Primero,3003822872
243265,Diseño y Fabr. Monturas Ópticas,3003822872
243267,"Anat., Fisiopatol. y Ametropias Oculares",3003822872
243266,At. Cliente Establ. Prod. Ópticos,3003822872
243264,Proc. Fabr. Lentes Oftalmológicas,3003822872
TU02CF,Tutoría Segundo,3003827317
CV0004,Inglés Técnico II-S / Horario reservado para la docencia en inglés,3003827317
0655,Gestión logística y comercial,3003827317
0657,Proyecto de Administración y Finanzas,3003827317
0652,Gestión de recursos humanos,3003827317
0653,Gestión financiera,3003827317
0656,Simulación empresarial,3003827317
0660,Formación en Centros de Trabajo,3003827317
0654,Contabilidad y fiscalidad,3003827317
TU01CF,Tutoría Primero,3003827324
CV0003,Inglés Técnico I-S / Horario reservado para la docencia en inglés,3003827324
0179,Inglés,3003827324
0651,Comunicación y atención al cliente,3003827324
0658,Formación y orientación laboral,3003827324
0650,Proceso integral de la actividad comercial,3003827324
0648,Recursos humanos y responsabilidad social corporativa,3003827324
0649,Ofimática y proceso de la información,3003827324
0647,Gestión de la documentación jurídica y empresarial,3003827324
TU01CF,Tutoría Primero,3003828816
CV0003,Inglés Técnico I-S / Horario reservado para la docencia en inglés,3003828816
0373,Lenguajes de marcas y sistemas de gestión de información,3003828816
0487,Entornos de desarrollo,3003828816
0485,Programación,3003828816
0484,Bases de Datos,3003828816
0483,Sistemas informáticos,3003828816
0493,Formación y orientación laboral,3003828816
TU02CF,Tutoría Segundo,3003828823
CV0004,Inglés Técnico II-S / Horario reservado para la docencia en inglés,3003828823
0495,Formación en centros de trabajo,3003828823
0492,Proyecto de desarrollo de aplicaciones multiplataforma,3003828823
0494,Empresa e iniciativa emprendedora,3003828823
0491,Sistemas de gestión empresarial,3003828823
0490,Programación de servicios y procesos,3003828823
0489,Programación multimedia y dispositivos móviles,3003828823
0488,Desarrollo de interfaces,3003828823
0486,Acceso a datos,3003828823
TU02CF,Tutoría Segundo,3003822879
243602,Formación y Orientación Laboral,3003822879
243601,Formación en Centros de Trabajo,3003822879
243604,"Adm., Gest. y Comer. Peq. Empresa",3003822879
243271,Montajes y Reparaciones Ópticas,3003822879
243270,Proc. Fabr. Lentes de Contacto,3003822879
TU01CF,Tutoría Primero,3003828893
CV0003,Inglés Técnico I-S / Horario reservado para la docencia en inglés,3003828893
0370,Planificación y Administración de Redes,3003828893
0373,Lenguajes de marcas y sistemas de gestión de información,3003828893
0371,Fundamentos de Hardware,3003828893
0372,Gestión de Bases de Datos,3003828893
0380,Formación y orientación laboral,3003828893
0369,Implantación de Sistemas Operativos,3003828893
TU02CF,Tutoría Segundo,3003828900
CV0004,Inglés Técnico II-S / Horario reservado para la docencia en inglés,3003828900
0381,Empresa e Iniciativa emprendedora,3003828900
0379,Proyecto de Administración de Sistemas Informáticos en Red,3003828900
0378,Seguridad y Alta Disponibilidad,3003828900
0375,Servicios de Red e Internet,3003828900
0382,Formación en Centros de Trabajo,3003828900
0377,Administración de Sistemas Gestores de Bases de Datos,3003828900
0376,Implantación de Aplicaciones Web,3003828900
0374,Administración de Sistemas Operativos,3003828900
